<annotation>
	<folder>images</folder>
	<filename>comparsion02_15145.jpg</filename>
	<path>E:\MN_datasheet\Data_BC\expansion\MN\images\comparsion02_15145.jpg</path>
	<source>
		<database>Unknown</database>
	</source>
	<size>
		<width>512</width>
		<height>512</height>
		<depth>3</depth>
	</size>
	<segmented>0</segmented>
	<object>
		<name>BN</name>
		<pose>Unspecified</pose>
		<truncated>0</truncated>
		<difficult>0</difficult>
		<bndbox>
			<xmin>269</xmin>
			<ymin>108</ymin>
			<xmax>349</xmax>
			<ymax>191</ymax>
		</bndbox>
	</object>
	<object>
		<name>MN</name>
		<pose>Unspecified</pose>
		<truncated>0</truncated>
		<difficult>0</difficult>
		<bndbox>
			<xmin>24</xmin>
			<ymin>330</ymin>
			<xmax>94</xmax>
			<ymax>404</ymax>
		</bndbox>
	</object>
	<object>
		<name>BN</name>
		<pose>Unspecified</pose>
		<truncated>0</truncated>
		<difficult>0</difficult>
		<bndbox>
			<xmin>313</xmin>
			<ymin>282</ymin>
			<xmax>369</xmax>
			<ymax>344</ymax>
		</bndbox>
	</object>
</annotation>
