<annotation>
	<folder>images</folder>
	<filename>comparsion02_6325.jpg</filename>
	<path>E:\MN_datasheet\Data_BC\expansion\MN\images\comparsion02_6325.jpg</path>
	<source>
		<database>Unknown</database>
	</source>
	<size>
		<width>512</width>
		<height>512</height>
		<depth>3</depth>
	</size>
	<segmented>0</segmented>
	<object>
		<name>BN</name>
		<pose>Unspecified</pose>
		<truncated>0</truncated>
		<difficult>0</difficult>
		<bndbox>
			<xmin>44</xmin>
			<ymin>121</ymin>
			<xmax>102</xmax>
			<ymax>189</ymax>
		</bndbox>
	</object>
	<object>
		<name>BN</name>
		<pose>Unspecified</pose>
		<truncated>0</truncated>
		<difficult>0</difficult>
		<bndbox>
			<xmin>149</xmin>
			<ymin>277</ymin>
			<xmax>219</xmax>
			<ymax>360</ymax>
		</bndbox>
	</object>
</annotation>
