<annotation>
	<folder>images</folder>
	<filename>comparsion04_31956.jpg</filename>
	<path>E:\MN_datasheet\Data_BC\expansion\MN\images\comparsion04_31956.jpg</path>
	<source>
		<database>Unknown</database>
	</source>
	<size>
		<width>512</width>
		<height>512</height>
		<depth>3</depth>
	</size>
	<segmented>0</segmented>
	<object>
		<name>BN</name>
		<pose>Unspecified</pose>
		<truncated>0</truncated>
		<difficult>0</difficult>
		<bndbox>
			<xmin>33</xmin>
			<ymin>100</ymin>
			<xmax>127</xmax>
			<ymax>189</ymax>
		</bndbox>
	</object>
	<object>
		<name>BN</name>
		<pose>Unspecified</pose>
		<truncated>0</truncated>
		<difficult>0</difficult>
		<bndbox>
			<xmin>329</xmin>
			<ymin>26</ymin>
			<xmax>414</xmax>
			<ymax>107</ymax>
		</bndbox>
	</object>
</annotation>
