<annotation>
	<folder>images</folder>
	<filename>comparsion06_4293.jpg</filename>
	<path>E:\MN_datasheet\Data_BC\expansion\MN\images\comparsion06_4293.jpg</path>
	<source>
		<database>Unknown</database>
	</source>
	<size>
		<width>512</width>
		<height>512</height>
		<depth>3</depth>
	</size>
	<segmented>0</segmented>
	<object>
		<name>BN</name>
		<pose>Unspecified</pose>
		<truncated>0</truncated>
		<difficult>0</difficult>
		<bndbox>
			<xmin>167</xmin>
			<ymin>199</ymin>
			<xmax>236</xmax>
			<ymax>268</ymax>
		</bndbox>
	</object>
	<object>
		<name>NBUD</name>
		<pose>Unspecified</pose>
		<truncated>0</truncated>
		<difficult>0</difficult>
		<bndbox>
			<xmin>361</xmin>
			<ymin>24</ymin>
			<xmax>435</xmax>
			<ymax>94</ymax>
		</bndbox>
	</object>
</annotation>
