<annotation>
	<folder>images</folder>
	<filename>comparsion06_5901.jpg</filename>
	<path>E:\MN_datasheet\Data_BC\expansion\MN\images\comparsion06_5901.jpg</path>
	<source>
		<database>Unknown</database>
	</source>
	<size>
		<width>512</width>
		<height>512</height>
		<depth>3</depth>
	</size>
	<segmented>0</segmented>
	<object>
		<name>BN</name>
		<pose>Unspecified</pose>
		<truncated>0</truncated>
		<difficult>0</difficult>
		<bndbox>
			<xmin>130</xmin>
			<ymin>395</ymin>
			<xmax>207</xmax>
			<ymax>466</ymax>
		</bndbox>
	</object>
	<object>
		<name>BN</name>
		<pose>Unspecified</pose>
		<truncated>0</truncated>
		<difficult>0</difficult>
		<bndbox>
			<xmin>58</xmin>
			<ymin>107</ymin>
			<xmax>115</xmax>
			<ymax>165</ymax>
		</bndbox>
	</object>
</annotation>
