<annotation>
	<folder>images</folder>
	<filename>comparsion04_16146.jpg</filename>
	<path>E:\MN_datasheet\Data_BC\expansion\MN\images\comparsion04_16146.jpg</path>
	<source>
		<database>Unknown</database>
	</source>
	<size>
		<width>512</width>
		<height>512</height>
		<depth>3</depth>
	</size>
	<segmented>0</segmented>
	<object>
		<name>BN</name>
		<pose>Unspecified</pose>
		<truncated>0</truncated>
		<difficult>0</difficult>
		<bndbox>
			<xmin>209</xmin>
			<ymin>205</ymin>
			<xmax>286</xmax>
			<ymax>295</ymax>
		</bndbox>
	</object>
</annotation>
