<annotation>
	<folder>images</folder>
	<filename>comparsion06_7705.jpg</filename>
	<path>E:\MN_datasheet\Data_BC\expansion\MN\images\comparsion06_7705.jpg</path>
	<source>
		<database>Unknown</database>
	</source>
	<size>
		<width>512</width>
		<height>512</height>
		<depth>3</depth>
	</size>
	<segmented>0</segmented>
	<object>
		<name>MN</name>
		<pose>Unspecified</pose>
		<truncated>0</truncated>
		<difficult>0</difficult>
		<bndbox>
			<xmin>268</xmin>
			<ymin>170</ymin>
			<xmax>352</xmax>
			<ymax>255</ymax>
		</bndbox>
	</object>
	<object>
		<name>MN</name>
		<pose>Unspecified</pose>
		<truncated>0</truncated>
		<difficult>0</difficult>
		<bndbox>
			<xmin>346</xmin>
			<ymin>403</ymin>
			<xmax>420</xmax>
			<ymax>480</ymax>
		</bndbox>
	</object>
	<object>
		<name>BN</name>
		<pose>Unspecified</pose>
		<truncated>0</truncated>
		<difficult>0</difficult>
		<bndbox>
			<xmin>357</xmin>
			<ymin>270</ymin>
			<xmax>438</xmax>
			<ymax>354</ymax>
		</bndbox>
	</object>
</annotation>
