<annotation>
	<folder>images</folder>
	<filename>comparsion06_39715.jpg</filename>
	<path>E:\MN_datasheet\Data_BC\expansion\MN\images\comparsion06_39715.jpg</path>
	<source>
		<database>Unknown</database>
	</source>
	<size>
		<width>512</width>
		<height>512</height>
		<depth>3</depth>
	</size>
	<segmented>0</segmented>
	<object>
		<name>BN</name>
		<pose>Unspecified</pose>
		<truncated>0</truncated>
		<difficult>0</difficult>
		<bndbox>
			<xmin>406</xmin>
			<ymin>117</ymin>
			<xmax>501</xmax>
			<ymax>220</ymax>
		</bndbox>
	</object>
	<object>
		<name>MN</name>
		<pose>Unspecified</pose>
		<truncated>0</truncated>
		<difficult>0</difficult>
		<bndbox>
			<xmin>377</xmin>
			<ymin>309</ymin>
			<xmax>477</xmax>
			<ymax>413</ymax>
		</bndbox>
	</object>
</annotation>
