<annotation>
	<folder>images</folder>
	<filename>comparsion02_398.jpg</filename>
	<path>E:\MN_datasheet\Data_BC\expansion\MN\images\comparsion02_398.jpg</path>
	<source>
		<database>Unknown</database>
	</source>
	<size>
		<width>512</width>
		<height>512</height>
		<depth>3</depth>
	</size>
	<segmented>0</segmented>
	<object>
		<name>BN</name>
		<pose>Unspecified</pose>
		<truncated>0</truncated>
		<difficult>0</difficult>
		<bndbox>
			<xmin>139</xmin>
			<ymin>278</ymin>
			<xmax>214</xmax>
			<ymax>358</ymax>
		</bndbox>
	</object>
	<object>
		<name>MN</name>
		<pose>Unspecified</pose>
		<truncated>0</truncated>
		<difficult>0</difficult>
		<bndbox>
			<xmin>178</xmin>
			<ymin>360</ymin>
			<xmax>268</xmax>
			<ymax>446</ymax>
		</bndbox>
	</object>
</annotation>
