<annotation>
	<folder>images</folder>
	<filename>comparsion05_7255.jpg</filename>
	<path>E:\MN_datasheet\Data_BC\expansion\MN\images\comparsion05_7255.jpg</path>
	<source>
		<database>Unknown</database>
	</source>
	<size>
		<width>512</width>
		<height>512</height>
		<depth>3</depth>
	</size>
	<segmented>0</segmented>
	<object>
		<name>MN</name>
		<pose>Unspecified</pose>
		<truncated>0</truncated>
		<difficult>0</difficult>
		<bndbox>
			<xmin>10</xmin>
			<ymin>130</ymin>
			<xmax>89</xmax>
			<ymax>218</ymax>
		</bndbox>
	</object>
	<object>
		<name>BN</name>
		<pose>Unspecified</pose>
		<truncated>0</truncated>
		<difficult>0</difficult>
		<bndbox>
			<xmin>174</xmin>
			<ymin>344</ymin>
			<xmax>244</xmax>
			<ymax>415</ymax>
		</bndbox>
	</object>
</annotation>
