<annotation>
	<folder>images</folder>
	<filename>comparsion02_7885.jpg</filename>
	<path>E:\MN_datasheet\Data_BC\expansion\MN\images\comparsion02_7885.jpg</path>
	<source>
		<database>Unknown</database>
	</source>
	<size>
		<width>512</width>
		<height>512</height>
		<depth>3</depth>
	</size>
	<segmented>0</segmented>
	<object>
		<name>MN</name>
		<pose>Unspecified</pose>
		<truncated>0</truncated>
		<difficult>0</difficult>
		<bndbox>
			<xmin>68</xmin>
			<ymin>236</ymin>
			<xmax>161</xmax>
			<ymax>337</ymax>
		</bndbox>
	</object>
	<object>
		<name>BN</name>
		<pose>Unspecified</pose>
		<truncated>0</truncated>
		<difficult>0</difficult>
		<bndbox>
			<xmin>24</xmin>
			<ymin>119</ymin>
			<xmax>88</xmax>
			<ymax>185</ymax>
		</bndbox>
	</object>
	<object>
		<name>BN</name>
		<pose>Unspecified</pose>
		<truncated>0</truncated>
		<difficult>0</difficult>
		<bndbox>
			<xmin>292</xmin>
			<ymin>178</ymin>
			<xmax>371</xmax>
			<ymax>256</ymax>
		</bndbox>
	</object>
</annotation>
