<annotation>
	<folder>images</folder>
	<filename>comparsion06_25725.jpg</filename>
	<path>E:\MN_datasheet\Data_BC\expansion\MN\images\comparsion06_25725.jpg</path>
	<source>
		<database>Unknown</database>
	</source>
	<size>
		<width>512</width>
		<height>512</height>
		<depth>3</depth>
	</size>
	<segmented>0</segmented>
	<object>
		<name>MN</name>
		<pose>Unspecified</pose>
		<truncated>0</truncated>
		<difficult>0</difficult>
		<bndbox>
			<xmin>189</xmin>
			<ymin>51</ymin>
			<xmax>290</xmax>
			<ymax>149</ymax>
		</bndbox>
	</object>
	<object>
		<name>BN</name>
		<pose>Unspecified</pose>
		<truncated>0</truncated>
		<difficult>0</difficult>
		<bndbox>
			<xmin>87</xmin>
			<ymin>41</ymin>
			<xmax>185</xmax>
			<ymax>140</ymax>
		</bndbox>
	</object>
</annotation>
