<annotation>
	<folder>images</folder>
	<filename>comparsion05_24800.jpg</filename>
	<path>E:\MN_datasheet\Data_BC\expansion\MN\images\comparsion05_24800.jpg</path>
	<source>
		<database>Unknown</database>
	</source>
	<size>
		<width>512</width>
		<height>512</height>
		<depth>3</depth>
	</size>
	<segmented>0</segmented>
	<object>
		<name>MN</name>
		<pose>Unspecified</pose>
		<truncated>0</truncated>
		<difficult>0</difficult>
		<bndbox>
			<xmin>121</xmin>
			<ymin>61</ymin>
			<xmax>218</xmax>
			<ymax>153</ymax>
		</bndbox>
	</object>
	<object>
		<name>BN</name>
		<pose>Unspecified</pose>
		<truncated>0</truncated>
		<difficult>0</difficult>
		<bndbox>
			<xmin>230</xmin>
			<ymin>416</ymin>
			<xmax>330</xmax>
			<ymax>510</ymax>
		</bndbox>
	</object>
</annotation>
