<annotation>
	<folder>images</folder>
	<filename>comparsion05_21294.jpg</filename>
	<path>E:\MN_datasheet\Data_BC\expansion\MN\images\comparsion05_21294.jpg</path>
	<source>
		<database>Unknown</database>
	</source>
	<size>
		<width>512</width>
		<height>512</height>
		<depth>3</depth>
	</size>
	<segmented>0</segmented>
	<object>
		<name>BN</name>
		<pose>Unspecified</pose>
		<truncated>0</truncated>
		<difficult>0</difficult>
		<bndbox>
			<xmin>350</xmin>
			<ymin>253</ymin>
			<xmax>429</xmax>
			<ymax>325</ymax>
		</bndbox>
	</object>
	<object>
		<name>MN</name>
		<pose>Unspecified</pose>
		<truncated>0</truncated>
		<difficult>0</difficult>
		<bndbox>
			<xmin>396</xmin>
			<ymin>352</ymin>
			<xmax>480</xmax>
			<ymax>437</ymax>
		</bndbox>
	</object>
</annotation>
