<annotation>
	<folder>images</folder>
	<filename>comparsion02_10042.jpg</filename>
	<path>E:\MN_datasheet\Data_BC\expansion\MN\images\comparsion02_10042.jpg</path>
	<source>
		<database>Unknown</database>
	</source>
	<size>
		<width>512</width>
		<height>512</height>
		<depth>3</depth>
	</size>
	<segmented>0</segmented>
	<object>
		<name>BN</name>
		<pose>Unspecified</pose>
		<truncated>0</truncated>
		<difficult>0</difficult>
		<bndbox>
			<xmin>335</xmin>
			<ymin>238</ymin>
			<xmax>420</xmax>
			<ymax>328</ymax>
		</bndbox>
	</object>
</annotation>
