<annotation>
	<folder>images</folder>
	<filename>comparsion05_13763.jpg</filename>
	<path>E:\MN_datasheet\Data_BC\expansion\MN\images\comparsion05_13763.jpg</path>
	<source>
		<database>Unknown</database>
	</source>
	<size>
		<width>512</width>
		<height>512</height>
		<depth>3</depth>
	</size>
	<segmented>0</segmented>
	<object>
		<name>MN</name>
		<pose>Unspecified</pose>
		<truncated>0</truncated>
		<difficult>0</difficult>
		<bndbox>
			<xmin>90</xmin>
			<ymin>84</ymin>
			<xmax>198</xmax>
			<ymax>195</ymax>
		</bndbox>
	</object>
	<object>
		<name>BN</name>
		<pose>Unspecified</pose>
		<truncated>0</truncated>
		<difficult>0</difficult>
		<bndbox>
			<xmin>37</xmin>
			<ymin>301</ymin>
			<xmax>96</xmax>
			<ymax>361</ymax>
		</bndbox>
	</object>
</annotation>
