<annotation>
	<folder>images</folder>
	<filename>comparsion05_10135.jpg</filename>
	<path>E:\MN_datasheet\Data_BC\expansion\MN\images\comparsion05_10135.jpg</path>
	<source>
		<database>Unknown</database>
	</source>
	<size>
		<width>512</width>
		<height>512</height>
		<depth>3</depth>
	</size>
	<segmented>0</segmented>
	<object>
		<name>MN</name>
		<pose>Unspecified</pose>
		<truncated>0</truncated>
		<difficult>0</difficult>
		<bndbox>
			<xmin>198</xmin>
			<ymin>238</ymin>
			<xmax>328</xmax>
			<ymax>364</ymax>
		</bndbox>
	</object>
	<object>
		<name>BN</name>
		<pose>Unspecified</pose>
		<truncated>0</truncated>
		<difficult>0</difficult>
		<bndbox>
			<xmin>333</xmin>
			<ymin>261</ymin>
			<xmax>416</xmax>
			<ymax>349</ymax>
		</bndbox>
	</object>
</annotation>
