<annotation>
	<folder>images</folder>
	<filename>comparsion04_8394.jpg</filename>
	<path>E:\MN_datasheet\Data_BC\expansion\MN\images\comparsion04_8394.jpg</path>
	<source>
		<database>Unknown</database>
	</source>
	<size>
		<width>512</width>
		<height>512</height>
		<depth>3</depth>
	</size>
	<segmented>0</segmented>
	<object>
		<name>MN</name>
		<pose>Unspecified</pose>
		<truncated>0</truncated>
		<difficult>0</difficult>
		<bndbox>
			<xmin>95</xmin>
			<ymin>119</ymin>
			<xmax>192</xmax>
			<ymax>211</ymax>
		</bndbox>
	</object>
	<object>
		<name>MN</name>
		<pose>Unspecified</pose>
		<truncated>0</truncated>
		<difficult>0</difficult>
		<bndbox>
			<xmin>361</xmin>
			<ymin>352</ymin>
			<xmax>451</xmax>
			<ymax>437</ymax>
		</bndbox>
	</object>
</annotation>
