<annotation>
	<folder>images</folder>
	<filename>good_16_44118.jpg</filename>
	<path>E:\MN_datasheet\Data_BC\expansion\MN\images\good_16_44118.jpg</path>
	<source>
		<database>Unknown</database>
	</source>
	<size>
		<width>512</width>
		<height>512</height>
		<depth>3</depth>
	</size>
	<segmented>0</segmented>
	<object>
		<name>BN</name>
		<pose>Unspecified</pose>
		<truncated>0</truncated>
		<difficult>0</difficult>
		<bndbox>
			<xmin>383</xmin>
			<ymin>378</ymin>
			<xmax>471</xmax>
			<ymax>469</ymax>
		</bndbox>
	</object>
	<object>
		<name>MN</name>
		<pose>Unspecified</pose>
		<truncated>0</truncated>
		<difficult>0</difficult>
		<bndbox>
			<xmin>375</xmin>
			<ymin>265</ymin>
			<xmax>478</xmax>
			<ymax>375</ymax>
		</bndbox>
	</object>
</annotation>
