<annotation>
	<folder>images</folder>
	<filename>good_14_42962.jpg</filename>
	<path>E:\MN_datasheet\Data_BC\expansion\MN\images\good_14_42962.jpg</path>
	<source>
		<database>Unknown</database>
	</source>
	<size>
		<width>512</width>
		<height>512</height>
		<depth>3</depth>
	</size>
	<segmented>0</segmented>
	<object>
		<name>MN</name>
		<pose>Unspecified</pose>
		<truncated>0</truncated>
		<difficult>0</difficult>
		<bndbox>
			<xmin>205</xmin>
			<ymin>291</ymin>
			<xmax>293</xmax>
			<ymax>371</ymax>
		</bndbox>
	</object>
	<object>
		<name>NBUD</name>
		<pose>Unspecified</pose>
		<truncated>0</truncated>
		<difficult>0</difficult>
		<bndbox>
			<xmin>151</xmin>
			<ymin>361</ymin>
			<xmax>250</xmax>
			<ymax>451</ymax>
		</bndbox>
	</object>
</annotation>
