<annotation>
	<folder>images</folder>
	<filename>good_18_16255.jpg</filename>
	<path>E:\MN_datasheet\Data_BC\expansion\MN\images\good_18_16255.jpg</path>
	<source>
		<database>Unknown</database>
	</source>
	<size>
		<width>512</width>
		<height>512</height>
		<depth>3</depth>
	</size>
	<segmented>0</segmented>
	<object>
		<name>BN</name>
		<pose>Unspecified</pose>
		<truncated>0</truncated>
		<difficult>0</difficult>
		<bndbox>
			<xmin>54</xmin>
			<ymin>140</ymin>
			<xmax>146</xmax>
			<ymax>234</ymax>
		</bndbox>
	</object>
	<object>
		<name>BN</name>
		<pose>Unspecified</pose>
		<truncated>0</truncated>
		<difficult>0</difficult>
		<bndbox>
			<xmin>93</xmin>
			<ymin>348</ymin>
			<xmax>204</xmax>
			<ymax>456</ymax>
		</bndbox>
	</object>
</annotation>
