<annotation>
	<folder>images</folder>
	<filename>good_14_15702.jpg</filename>
	<path>E:\MN_datasheet\Data_BC\expansion\MN\images\good_14_15702.jpg</path>
	<source>
		<database>Unknown</database>
	</source>
	<size>
		<width>512</width>
		<height>512</height>
		<depth>3</depth>
	</size>
	<segmented>0</segmented>
	<object>
		<name>BN</name>
		<pose>Unspecified</pose>
		<truncated>0</truncated>
		<difficult>0</difficult>
		<bndbox>
			<xmin>139</xmin>
			<ymin>28</ymin>
			<xmax>240</xmax>
			<ymax>127</ymax>
		</bndbox>
	</object>
	<object>
		<name>BN</name>
		<pose>Unspecified</pose>
		<truncated>0</truncated>
		<difficult>0</difficult>
		<bndbox>
			<xmin>27</xmin>
			<ymin>160</ymin>
			<xmax>98</xmax>
			<ymax>233</ymax>
		</bndbox>
	</object>
</annotation>
