<annotation>
	<folder>images</folder>
	<filename>good_18_1571.jpg</filename>
	<path>E:\MN_datasheet\Data_BC\expansion\MN\images\good_18_1571.jpg</path>
	<source>
		<database>Unknown</database>
	</source>
	<size>
		<width>512</width>
		<height>512</height>
		<depth>3</depth>
	</size>
	<segmented>0</segmented>
	<object>
		<name>BN</name>
		<pose>Unspecified</pose>
		<truncated>0</truncated>
		<difficult>0</difficult>
		<bndbox>
			<xmin>14</xmin>
			<ymin>287</ymin>
			<xmax>107</xmax>
			<ymax>377</ymax>
		</bndbox>
	</object>
	<object>
		<name>MN</name>
		<pose>Unspecified</pose>
		<truncated>0</truncated>
		<difficult>0</difficult>
		<bndbox>
			<xmin>54</xmin>
			<ymin>364</ymin>
			<xmax>161</xmax>
			<ymax>474</ymax>
		</bndbox>
	</object>
</annotation>
