<annotation>
	<folder>images</folder>
	<filename>good_18_5902.jpg</filename>
	<path>E:\MN_datasheet\Data_BC\expansion\MN\images\good_18_5902.jpg</path>
	<source>
		<database>Unknown</database>
	</source>
	<size>
		<width>512</width>
		<height>512</height>
		<depth>3</depth>
	</size>
	<segmented>0</segmented>
	<object>
		<name>MN</name>
		<pose>Unspecified</pose>
		<truncated>0</truncated>
		<difficult>0</difficult>
		<bndbox>
			<xmin>64</xmin>
			<ymin>141</ymin>
			<xmax>189</xmax>
			<ymax>270</ymax>
		</bndbox>
	</object>
	<object>
		<name>NBUD</name>
		<pose>Unspecified</pose>
		<truncated>0</truncated>
		<difficult>0</difficult>
		<bndbox>
			<xmin>371</xmin>
			<ymin>178</ymin>
			<xmax>438</xmax>
			<ymax>248</ymax>
		</bndbox>
	</object>
</annotation>
