<annotation>
	<folder>images</folder>
	<filename>good_18_15199.jpg</filename>
	<path>E:\MN_datasheet\Data_BC\expansion\MN\images\good_18_15199.jpg</path>
	<source>
		<database>Unknown</database>
	</source>
	<size>
		<width>512</width>
		<height>512</height>
		<depth>3</depth>
	</size>
	<segmented>0</segmented>
	<object>
		<name>BN</name>
		<pose>Unspecified</pose>
		<truncated>0</truncated>
		<difficult>0</difficult>
		<bndbox>
			<xmin>348</xmin>
			<ymin>318</ymin>
			<xmax>436</xmax>
			<ymax>405</ymax>
		</bndbox>
	</object>
	<object>
		<name>BN</name>
		<pose>Unspecified</pose>
		<truncated>0</truncated>
		<difficult>0</difficult>
		<bndbox>
			<xmin>176</xmin>
			<ymin>232</ymin>
			<xmax>285</xmax>
			<ymax>341</ymax>
		</bndbox>
	</object>
</annotation>
