<annotation>
	<folder>images</folder>
	<filename>good_18_145.jpg</filename>
	<path>E:\MN_datasheet\Data_BC\expansion\MN\images\good_18_145.jpg</path>
	<source>
		<database>Unknown</database>
	</source>
	<size>
		<width>512</width>
		<height>512</height>
		<depth>3</depth>
	</size>
	<segmented>0</segmented>
	<object>
		<name>MN</name>
		<pose>Unspecified</pose>
		<truncated>0</truncated>
		<difficult>0</difficult>
		<bndbox>
			<xmin>280</xmin>
			<ymin>31</ymin>
			<xmax>418</xmax>
			<ymax>154</ymax>
		</bndbox>
	</object>
	<object>
		<name>BN</name>
		<pose>Unspecified</pose>
		<truncated>0</truncated>
		<difficult>0</difficult>
		<bndbox>
			<xmin>352</xmin>
			<ymin>215</ymin>
			<xmax>444</xmax>
			<ymax>310</ymax>
		</bndbox>
	</object>
</annotation>
