<annotation>
	<folder>images</folder>
	<filename>good_18_6654.jpg</filename>
	<path>E:\MN_datasheet\Data_BC\expansion\MN\images\good_18_6654.jpg</path>
	<source>
		<database>Unknown</database>
	</source>
	<size>
		<width>512</width>
		<height>512</height>
		<depth>3</depth>
	</size>
	<segmented>0</segmented>
	<object>
		<name>BN</name>
		<pose>Unspecified</pose>
		<truncated>0</truncated>
		<difficult>0</difficult>
		<bndbox>
			<xmin>154</xmin>
			<ymin>263</ymin>
			<xmax>227</xmax>
			<ymax>335</ymax>
		</bndbox>
	</object>
	<object>
		<name>BN</name>
		<pose>Unspecified</pose>
		<truncated>0</truncated>
		<difficult>0</difficult>
		<bndbox>
			<xmin>235</xmin>
			<ymin>143</ymin>
			<xmax>346</xmax>
			<ymax>250</ymax>
		</bndbox>
	</object>
	<object>
		<name>MN</name>
		<pose>Unspecified</pose>
		<truncated>0</truncated>
		<difficult>0</difficult>
		<bndbox>
			<xmin>176</xmin>
			<ymin>328</ymin>
			<xmax>261</xmax>
			<ymax>408</ymax>
		</bndbox>
	</object>
</annotation>
