<annotation>
	<folder>images</folder>
	<filename>good_18_28152.jpg</filename>
	<path>E:\MN_datasheet\Data_BC\expansion\MN\images\good_18_28152.jpg</path>
	<source>
		<database>Unknown</database>
	</source>
	<size>
		<width>512</width>
		<height>512</height>
		<depth>3</depth>
	</size>
	<segmented>0</segmented>
	<object>
		<name>MN</name>
		<pose>Unspecified</pose>
		<truncated>0</truncated>
		<difficult>0</difficult>
		<bndbox>
			<xmin>149</xmin>
			<ymin>316</ymin>
			<xmax>264</xmax>
			<ymax>432</ymax>
		</bndbox>
	</object>
	<object>
		<name>BN</name>
		<pose>Unspecified</pose>
		<truncated>0</truncated>
		<difficult>0</difficult>
		<bndbox>
			<xmin>382</xmin>
			<ymin>193</ymin>
			<xmax>480</xmax>
			<ymax>280</ymax>
		</bndbox>
	</object>
</annotation>
