<annotation>
	<folder>images</folder>
	<filename>good_18_11691.jpg</filename>
	<path>E:\MN_datasheet\Data_BC\expansion\MN\images\good_18_11691.jpg</path>
	<source>
		<database>Unknown</database>
	</source>
	<size>
		<width>512</width>
		<height>512</height>
		<depth>3</depth>
	</size>
	<segmented>0</segmented>
	<object>
		<name>MN</name>
		<pose>Unspecified</pose>
		<truncated>0</truncated>
		<difficult>0</difficult>
		<bndbox>
			<xmin>387</xmin>
			<ymin>217</ymin>
			<xmax>484</xmax>
			<ymax>317</ymax>
		</bndbox>
	</object>
	<object>
		<name>BN</name>
		<pose>Unspecified</pose>
		<truncated>0</truncated>
		<difficult>0</difficult>
		<bndbox>
			<xmin>95</xmin>
			<ymin>185</ymin>
			<xmax>171</xmax>
			<ymax>258</ymax>
		</bndbox>
	</object>
</annotation>
