<annotation>
	<folder>images</folder>
	<filename>good_18_18618.jpg</filename>
	<path>E:\MN_datasheet\Data_BC\expansion\MN\images\good_18_18618.jpg</path>
	<source>
		<database>Unknown</database>
	</source>
	<size>
		<width>512</width>
		<height>512</height>
		<depth>3</depth>
	</size>
	<segmented>0</segmented>
	<object>
		<name>BN</name>
		<pose>Unspecified</pose>
		<truncated>1</truncated>
		<difficult>0</difficult>
		<bndbox>
			<xmin>141</xmin>
			<ymin>1</ymin>
			<xmax>250</xmax>
			<ymax>84</ymax>
		</bndbox>
	</object>
	<object>
		<name>NBUD</name>
		<pose>Unspecified</pose>
		<truncated>0</truncated>
		<difficult>0</difficult>
		<bndbox>
			<xmin>409</xmin>
			<ymin>306</ymin>
			<xmax>489</xmax>
			<ymax>393</ymax>
		</bndbox>
	</object>
</annotation>
