<annotation>
	<folder>images</folder>
	<filename>good_18_21609.jpg</filename>
	<path>E:\MN_datasheet\Data_BC\expansion\MN\images\good_18_21609.jpg</path>
	<source>
		<database>Unknown</database>
	</source>
	<size>
		<width>512</width>
		<height>512</height>
		<depth>3</depth>
	</size>
	<segmented>0</segmented>
	<object>
		<name>MN</name>
		<pose>Unspecified</pose>
		<truncated>0</truncated>
		<difficult>0</difficult>
		<bndbox>
			<xmin>179</xmin>
			<ymin>91</ymin>
			<xmax>252</xmax>
			<ymax>169</ymax>
		</bndbox>
	</object>
	<object>
		<name>BN</name>
		<pose>Unspecified</pose>
		<truncated>0</truncated>
		<difficult>0</difficult>
		<bndbox>
			<xmin>253</xmin>
			<ymin>94</ymin>
			<xmax>336</xmax>
			<ymax>183</ymax>
		</bndbox>
	</object>
	<object>
		<name>BN</name>
		<pose>Unspecified</pose>
		<truncated>0</truncated>
		<difficult>0</difficult>
		<bndbox>
			<xmin>196</xmin>
			<ymin>195</ymin>
			<xmax>274</xmax>
			<ymax>274</ymax>
		</bndbox>
	</object>
</annotation>
