<annotation>
	<folder>images</folder>
	<filename>good_18_15203.jpg</filename>
	<path>E:\MN_datasheet\Data_BC\expansion\MN\images\good_18_15203.jpg</path>
	<source>
		<database>Unknown</database>
	</source>
	<size>
		<width>512</width>
		<height>512</height>
		<depth>3</depth>
	</size>
	<segmented>0</segmented>
	<object>
		<name>BN</name>
		<pose>Unspecified</pose>
		<truncated>0</truncated>
		<difficult>0</difficult>
		<bndbox>
			<xmin>185</xmin>
			<ymin>315</ymin>
			<xmax>283</xmax>
			<ymax>416</ymax>
		</bndbox>
	</object>
	<object>
		<name>BN</name>
		<pose>Unspecified</pose>
		<truncated>0</truncated>
		<difficult>0</difficult>
		<bndbox>
			<xmin>52</xmin>
			<ymin>314</ymin>
			<xmax>180</xmax>
			<ymax>441</ymax>
		</bndbox>
	</object>
	<object>
		<name>BN</name>
		<pose>Unspecified</pose>
		<truncated>0</truncated>
		<difficult>0</difficult>
		<bndbox>
			<xmin>84</xmin>
			<ymin>198</ymin>
			<xmax>167</xmax>
			<ymax>276</ymax>
		</bndbox>
	</object>
	<object>
		<name>BN</name>
		<pose>Unspecified</pose>
		<truncated>0</truncated>
		<difficult>0</difficult>
		<bndbox>
			<xmin>308</xmin>
			<ymin>267</ymin>
			<xmax>395</xmax>
			<ymax>348</ymax>
		</bndbox>
	</object>
</annotation>
