<annotation>
	<folder>images</folder>
	<filename>good_18_3533.jpg</filename>
	<path>E:\MN_datasheet\Data_BC\expansion\MN\images\good_18_3533.jpg</path>
	<source>
		<database>Unknown</database>
	</source>
	<size>
		<width>512</width>
		<height>512</height>
		<depth>3</depth>
	</size>
	<segmented>0</segmented>
	<object>
		<name>MN</name>
		<pose>Unspecified</pose>
		<truncated>0</truncated>
		<difficult>0</difficult>
		<bndbox>
			<xmin>92</xmin>
			<ymin>58</ymin>
			<xmax>181</xmax>
			<ymax>152</ymax>
		</bndbox>
	</object>
	<object>
		<name>BN</name>
		<pose>Unspecified</pose>
		<truncated>0</truncated>
		<difficult>0</difficult>
		<bndbox>
			<xmin>342</xmin>
			<ymin>284</ymin>
			<xmax>436</xmax>
			<ymax>386</ymax>
		</bndbox>
	</object>
	<object>
		<name>BN</name>
		<pose>Unspecified</pose>
		<truncated>0</truncated>
		<difficult>0</difficult>
		<bndbox>
			<xmin>438</xmin>
			<ymin>303</ymin>
			<xmax>504</xmax>
			<ymax>388</ymax>
		</bndbox>
	</object>
</annotation>
