<annotation>
	<folder>images</folder>
	<filename>good_18_18923.jpg</filename>
	<path>E:\MN_datasheet\Data_BC\expansion\MN\images\good_18_18923.jpg</path>
	<source>
		<database>Unknown</database>
	</source>
	<size>
		<width>512</width>
		<height>512</height>
		<depth>3</depth>
	</size>
	<segmented>0</segmented>
	<object>
		<name>MN</name>
		<pose>Unspecified</pose>
		<truncated>0</truncated>
		<difficult>0</difficult>
		<bndbox>
			<xmin>348</xmin>
			<ymin>268</ymin>
			<xmax>427</xmax>
			<ymax>343</ymax>
		</bndbox>
	</object>
</annotation>
