<annotation>
	<folder>images</folder>
	<filename>good_18_12470.jpg</filename>
	<path>E:\MN_datasheet\Data_BC\expansion\MN\images\good_18_12470.jpg</path>
	<source>
		<database>Unknown</database>
	</source>
	<size>
		<width>512</width>
		<height>512</height>
		<depth>3</depth>
	</size>
	<segmented>0</segmented>
	<object>
		<name>MN</name>
		<pose>Unspecified</pose>
		<truncated>0</truncated>
		<difficult>0</difficult>
		<bndbox>
			<xmin>155</xmin>
			<ymin>134</ymin>
			<xmax>240</xmax>
			<ymax>219</ymax>
		</bndbox>
	</object>
	<object>
		<name>BN</name>
		<pose>Unspecified</pose>
		<truncated>0</truncated>
		<difficult>0</difficult>
		<bndbox>
			<xmin>349</xmin>
			<ymin>237</ymin>
			<xmax>456</xmax>
			<ymax>340</ymax>
		</bndbox>
	</object>
	<object>
		<name>BN</name>
		<pose>Unspecified</pose>
		<truncated>0</truncated>
		<difficult>0</difficult>
		<bndbox>
			<xmin>307</xmin>
			<ymin>393</ymin>
			<xmax>400</xmax>
			<ymax>489</ymax>
		</bndbox>
	</object>
</annotation>
