<annotation>
	<folder>images</folder>
	<filename>good_18_5904.jpg</filename>
	<path>E:\MN_datasheet\Data_BC\expansion\MN\images\good_18_5904.jpg</path>
	<source>
		<database>Unknown</database>
	</source>
	<size>
		<width>512</width>
		<height>512</height>
		<depth>3</depth>
	</size>
	<segmented>0</segmented>
	<object>
		<name>BN</name>
		<pose>Unspecified</pose>
		<truncated>0</truncated>
		<difficult>0</difficult>
		<bndbox>
			<xmin>8</xmin>
			<ymin>71</ymin>
			<xmax>104</xmax>
			<ymax>170</ymax>
		</bndbox>
	</object>
	<object>
		<name>BN</name>
		<pose>Unspecified</pose>
		<truncated>0</truncated>
		<difficult>0</difficult>
		<bndbox>
			<xmin>245</xmin>
			<ymin>54</ymin>
			<xmax>322</xmax>
			<ymax>138</ymax>
		</bndbox>
	</object>
</annotation>
