<annotation>
	<folder>images</folder>
	<filename>good_16_18986.jpg</filename>
	<path>E:\MN_datasheet\Data_BC\expansion\MN\images\good_16_18986.jpg</path>
	<source>
		<database>Unknown</database>
	</source>
	<size>
		<width>512</width>
		<height>512</height>
		<depth>3</depth>
	</size>
	<segmented>0</segmented>
	<object>
		<name>MN</name>
		<pose>Unspecified</pose>
		<truncated>0</truncated>
		<difficult>0</difficult>
		<bndbox>
			<xmin>353</xmin>
			<ymin>416</ymin>
			<xmax>429</xmax>
			<ymax>488</ymax>
		</bndbox>
	</object>
	<object>
		<name>BN</name>
		<pose>Unspecified</pose>
		<truncated>0</truncated>
		<difficult>0</difficult>
		<bndbox>
			<xmin>331</xmin>
			<ymin>337</ymin>
			<xmax>414</xmax>
			<ymax>418</ymax>
		</bndbox>
	</object>
</annotation>
