<annotation>
	<folder>images</folder>
	<filename>good_18_3571.jpg</filename>
	<path>E:\MN_datasheet\Data_BC\expansion\MN\images\good_18_3571.jpg</path>
	<source>
		<database>Unknown</database>
	</source>
	<size>
		<width>512</width>
		<height>512</height>
		<depth>3</depth>
	</size>
	<segmented>0</segmented>
	<object>
		<name>BN</name>
		<pose>Unspecified</pose>
		<truncated>0</truncated>
		<difficult>0</difficult>
		<bndbox>
			<xmin>287</xmin>
			<ymin>184</ymin>
			<xmax>381</xmax>
			<ymax>278</ymax>
		</bndbox>
	</object>
	<object>
		<name>MN</name>
		<pose>Unspecified</pose>
		<truncated>0</truncated>
		<difficult>0</difficult>
		<bndbox>
			<xmin>202</xmin>
			<ymin>193</ymin>
			<xmax>290</xmax>
			<ymax>280</ymax>
		</bndbox>
	</object>
</annotation>
