<annotation>
	<folder>images</folder>
	<filename>good_19_9184.jpg</filename>
	<path>E:\MN_datasheet\Data_BC\expansion\MN\images\good_19_9184.jpg</path>
	<source>
		<database>Unknown</database>
	</source>
	<size>
		<width>512</width>
		<height>512</height>
		<depth>3</depth>
	</size>
	<segmented>0</segmented>
	<object>
		<name>MN</name>
		<pose>Unspecified</pose>
		<truncated>0</truncated>
		<difficult>0</difficult>
		<bndbox>
			<xmin>178</xmin>
			<ymin>68</ymin>
			<xmax>289</xmax>
			<ymax>179</ymax>
		</bndbox>
	</object>
	<object>
		<name>BN</name>
		<pose>Unspecified</pose>
		<truncated>0</truncated>
		<difficult>0</difficult>
		<bndbox>
			<xmin>42</xmin>
			<ymin>159</ymin>
			<xmax>140</xmax>
			<ymax>253</ymax>
		</bndbox>
	</object>
	<object>
		<name>BN</name>
		<pose>Unspecified</pose>
		<truncated>0</truncated>
		<difficult>0</difficult>
		<bndbox>
			<xmin>113</xmin>
			<ymin>223</ymin>
			<xmax>212</xmax>
			<ymax>323</ymax>
		</bndbox>
	</object>
</annotation>
