<annotation>
	<folder>images</folder>
	<filename>good_18_25747.jpg</filename>
	<path>E:\MN_datasheet\Data_BC\expansion\MN\images\good_18_25747.jpg</path>
	<source>
		<database>Unknown</database>
	</source>
	<size>
		<width>512</width>
		<height>512</height>
		<depth>3</depth>
	</size>
	<segmented>0</segmented>
	<object>
		<name>BN</name>
		<pose>Unspecified</pose>
		<truncated>0</truncated>
		<difficult>0</difficult>
		<bndbox>
			<xmin>214</xmin>
			<ymin>302</ymin>
			<xmax>311</xmax>
			<ymax>397</ymax>
		</bndbox>
	</object>
	<object>
		<name>BN</name>
		<pose>Unspecified</pose>
		<truncated>0</truncated>
		<difficult>0</difficult>
		<bndbox>
			<xmin>292</xmin>
			<ymin>23</ymin>
			<xmax>373</xmax>
			<ymax>97</ymax>
		</bndbox>
	</object>
	<object>
		<name>BN</name>
		<pose>Unspecified</pose>
		<truncated>0</truncated>
		<difficult>0</difficult>
		<bndbox>
			<xmin>13</xmin>
			<ymin>266</ymin>
			<xmax>84</xmax>
			<ymax>350</ymax>
		</bndbox>
	</object>
	<object>
		<name>BN</name>
		<pose>Unspecified</pose>
		<truncated>0</truncated>
		<difficult>0</difficult>
		<bndbox>
			<xmin>371</xmin>
			<ymin>9</ymin>
			<xmax>453</xmax>
			<ymax>85</ymax>
		</bndbox>
	</object>
</annotation>
