<annotation>
	<folder>images</folder>
	<filename>good_18_8773.jpg</filename>
	<path>E:\MN_datasheet\Data_BC\expansion\MN\images\good_18_8773.jpg</path>
	<source>
		<database>Unknown</database>
	</source>
	<size>
		<width>512</width>
		<height>512</height>
		<depth>3</depth>
	</size>
	<segmented>0</segmented>
	<object>
		<name>MN</name>
		<pose>Unspecified</pose>
		<truncated>0</truncated>
		<difficult>0</difficult>
		<bndbox>
			<xmin>168</xmin>
			<ymin>411</ymin>
			<xmax>267</xmax>
			<ymax>500</ymax>
		</bndbox>
	</object>
	<object>
		<name>BN</name>
		<pose>Unspecified</pose>
		<truncated>0</truncated>
		<difficult>0</difficult>
		<bndbox>
			<xmin>361</xmin>
			<ymin>307</ymin>
			<xmax>444</xmax>
			<ymax>394</ymax>
		</bndbox>
	</object>
</annotation>
