<annotation>
	<folder>images</folder>
	<filename>good_18_7632.jpg</filename>
	<path>E:\MN_datasheet\Data_BC\expansion\MN\images\good_18_7632.jpg</path>
	<source>
		<database>Unknown</database>
	</source>
	<size>
		<width>512</width>
		<height>512</height>
		<depth>3</depth>
	</size>
	<segmented>0</segmented>
	<object>
		<name>BN</name>
		<pose>Unspecified</pose>
		<truncated>0</truncated>
		<difficult>0</difficult>
		<bndbox>
			<xmin>179</xmin>
			<ymin>394</ymin>
			<xmax>266</xmax>
			<ymax>478</ymax>
		</bndbox>
	</object>
	<object>
		<name>MN</name>
		<pose>Unspecified</pose>
		<truncated>0</truncated>
		<difficult>0</difficult>
		<bndbox>
			<xmin>358</xmin>
			<ymin>324</ymin>
			<xmax>442</xmax>
			<ymax>411</ymax>
		</bndbox>
	</object>
</annotation>
