<annotation>
	<folder>images</folder>
	<filename>good_18_5048.jpg</filename>
	<path>E:\MN_datasheet\Data_BC\expansion\MN\images\good_18_5048.jpg</path>
	<source>
		<database>Unknown</database>
	</source>
	<size>
		<width>512</width>
		<height>512</height>
		<depth>3</depth>
	</size>
	<segmented>0</segmented>
	<object>
		<name>MN</name>
		<pose>Unspecified</pose>
		<truncated>0</truncated>
		<difficult>0</difficult>
		<bndbox>
			<xmin>157</xmin>
			<ymin>373</ymin>
			<xmax>252</xmax>
			<ymax>473</ymax>
		</bndbox>
	</object>
	<object>
		<name>BN</name>
		<pose>Unspecified</pose>
		<truncated>0</truncated>
		<difficult>0</difficult>
		<bndbox>
			<xmin>379</xmin>
			<ymin>336</ymin>
			<xmax>471</xmax>
			<ymax>426</ymax>
		</bndbox>
	</object>
</annotation>
