<annotation>
	<folder>images</folder>
	<filename>good_24_2251.jpg</filename>
	<path>E:\MN_datasheet\Data_BC\expansion\MN\images\good_24_2251.jpg</path>
	<source>
		<database>Unknown</database>
	</source>
	<size>
		<width>512</width>
		<height>512</height>
		<depth>3</depth>
	</size>
	<segmented>0</segmented>
	<object>
		<name>BN</name>
		<pose>Unspecified</pose>
		<truncated>0</truncated>
		<difficult>0</difficult>
		<bndbox>
			<xmin>370</xmin>
			<ymin>190</ymin>
			<xmax>444</xmax>
			<ymax>267</ymax>
		</bndbox>
	</object>
</annotation>
