<annotation>
	<folder>images</folder>
	<filename>good_19_5155.jpg</filename>
	<path>E:\MN_datasheet\Data_BC\expansion\MN\images\good_19_5155.jpg</path>
	<source>
		<database>Unknown</database>
	</source>
	<size>
		<width>512</width>
		<height>512</height>
		<depth>3</depth>
	</size>
	<segmented>0</segmented>
	<object>
		<name>MN</name>
		<pose>Unspecified</pose>
		<truncated>0</truncated>
		<difficult>0</difficult>
		<bndbox>
			<xmin>205</xmin>
			<ymin>257</ymin>
			<xmax>320</xmax>
			<ymax>373</ymax>
		</bndbox>
	</object>
</annotation>
