<annotation>
	<folder>images</folder>
	<filename>good_24_9566.jpg</filename>
	<path>E:\MN_datasheet\Data_BC\expansion\MN\images\good_24_9566.jpg</path>
	<source>
		<database>Unknown</database>
	</source>
	<size>
		<width>512</width>
		<height>512</height>
		<depth>3</depth>
	</size>
	<segmented>0</segmented>
	<object>
		<name>BN</name>
		<pose>Unspecified</pose>
		<truncated>1</truncated>
		<difficult>0</difficult>
		<bndbox>
			<xmin>1</xmin>
			<ymin>53</ymin>
			<xmax>86</xmax>
			<ymax>149</ymax>
		</bndbox>
	</object>
	<object>
		<name>BN</name>
		<pose>Unspecified</pose>
		<truncated>0</truncated>
		<difficult>0</difficult>
		<bndbox>
			<xmin>204</xmin>
			<ymin>431</ymin>
			<xmax>259</xmax>
			<ymax>489</ymax>
		</bndbox>
	</object>
	<object>
		<name>BN</name>
		<pose>Unspecified</pose>
		<truncated>0</truncated>
		<difficult>0</difficult>
		<bndbox>
			<xmin>251</xmin>
			<ymin>394</ymin>
			<xmax>316</xmax>
			<ymax>455</ymax>
		</bndbox>
	</object>
</annotation>
