<annotation>
	<folder>images</folder>
	<filename>good_25_11910.jpg</filename>
	<path>E:\MN_datasheet\Data_BC\expansion\MN\images\good_25_11910.jpg</path>
	<source>
		<database>Unknown</database>
	</source>
	<size>
		<width>512</width>
		<height>512</height>
		<depth>3</depth>
	</size>
	<segmented>0</segmented>
	<object>
		<name>NBUD</name>
		<pose>Unspecified</pose>
		<truncated>0</truncated>
		<difficult>0</difficult>
		<bndbox>
			<xmin>287</xmin>
			<ymin>210</ymin>
			<xmax>388</xmax>
			<ymax>313</ymax>
		</bndbox>
	</object>
	<object>
		<name>BN</name>
		<pose>Unspecified</pose>
		<truncated>0</truncated>
		<difficult>0</difficult>
		<bndbox>
			<xmin>388</xmin>
			<ymin>193</ymin>
			<xmax>488</xmax>
			<ymax>299</ymax>
		</bndbox>
	</object>
</annotation>
