<annotation>
	<folder>images</folder>
	<filename>good_14_28419.jpg</filename>
	<path>E:\MN_datasheet\Data_BC\expansion\MN\images\good_14_28419.jpg</path>
	<source>
		<database>Unknown</database>
	</source>
	<size>
		<width>512</width>
		<height>512</height>
		<depth>3</depth>
	</size>
	<segmented>0</segmented>
	<object>
		<name>MN</name>
		<pose>Unspecified</pose>
		<truncated>0</truncated>
		<difficult>0</difficult>
		<bndbox>
			<xmin>300</xmin>
			<ymin>300</ymin>
			<xmax>382</xmax>
			<ymax>381</ymax>
		</bndbox>
	</object>
	<object>
		<name>BN</name>
		<pose>Unspecified</pose>
		<truncated>0</truncated>
		<difficult>0</difficult>
		<bndbox>
			<xmin>183</xmin>
			<ymin>356</ymin>
			<xmax>269</xmax>
			<ymax>443</ymax>
		</bndbox>
	</object>
	<object>
		<name>BN</name>
		<pose>Unspecified</pose>
		<truncated>0</truncated>
		<difficult>0</difficult>
		<bndbox>
			<xmin>375</xmin>
			<ymin>189</ymin>
			<xmax>454</xmax>
			<ymax>273</ymax>
		</bndbox>
	</object>
</annotation>
