<annotation>
	<folder>images</folder>
	<filename>good_14_59535.jpg</filename>
	<path>E:\MN_datasheet\Data_BC\expansion\MN\images\good_14_59535.jpg</path>
	<source>
		<database>Unknown</database>
	</source>
	<size>
		<width>512</width>
		<height>512</height>
		<depth>3</depth>
	</size>
	<segmented>0</segmented>
	<object>
		<name>BN</name>
		<pose>Unspecified</pose>
		<truncated>1</truncated>
		<difficult>0</difficult>
		<bndbox>
			<xmin>60</xmin>
			<ymin>1</ymin>
			<xmax>161</xmax>
			<ymax>94</ymax>
		</bndbox>
	</object>
	<object>
		<name>BN</name>
		<pose>Unspecified</pose>
		<truncated>0</truncated>
		<difficult>0</difficult>
		<bndbox>
			<xmin>108</xmin>
			<ymin>71</ymin>
			<xmax>219</xmax>
			<ymax>185</ymax>
		</bndbox>
	</object>
	<object>
		<name>MN</name>
		<pose>Unspecified</pose>
		<truncated>0</truncated>
		<difficult>0</difficult>
		<bndbox>
			<xmin>61</xmin>
			<ymin>335</ymin>
			<xmax>176</xmax>
			<ymax>455</ymax>
		</bndbox>
	</object>
</annotation>
