<annotation>
	<folder>images</folder>
	<filename>good_14_46766.jpg</filename>
	<path>E:\MN_datasheet\Data_BC\expansion\MN\images\good_14_46766.jpg</path>
	<source>
		<database>Unknown</database>
	</source>
	<size>
		<width>512</width>
		<height>512</height>
		<depth>3</depth>
	</size>
	<segmented>0</segmented>
	<object>
		<name>MN</name>
		<pose>Unspecified</pose>
		<truncated>1</truncated>
		<difficult>0</difficult>
		<bndbox>
			<xmin>435</xmin>
			<ymin>219</ymin>
			<xmax>512</xmax>
			<ymax>304</ymax>
		</bndbox>
	</object>
	<object>
		<name>MN</name>
		<pose>Unspecified</pose>
		<truncated>0</truncated>
		<difficult>0</difficult>
		<bndbox>
			<xmin>346</xmin>
			<ymin>222</ymin>
			<xmax>436</xmax>
			<ymax>314</ymax>
		</bndbox>
	</object>
</annotation>
