<annotation>
	<folder>images</folder>
	<filename>good_18_5580.jpg</filename>
	<path>E:\MN_datasheet\Data_BC\expansion\MN\images\good_18_5580.jpg</path>
	<source>
		<database>Unknown</database>
	</source>
	<size>
		<width>512</width>
		<height>512</height>
		<depth>3</depth>
	</size>
	<segmented>0</segmented>
	<object>
		<name>BN</name>
		<pose>Unspecified</pose>
		<truncated>0</truncated>
		<difficult>0</difficult>
		<bndbox>
			<xmin>307</xmin>
			<ymin>345</ymin>
			<xmax>418</xmax>
			<ymax>450</ymax>
		</bndbox>
	</object>
	<object>
		<name>MN</name>
		<pose>Unspecified</pose>
		<truncated>0</truncated>
		<difficult>0</difficult>
		<bndbox>
			<xmin>374</xmin>
			<ymin>240</ymin>
			<xmax>476</xmax>
			<ymax>341</ymax>
		</bndbox>
	</object>
	<object>
		<name>MN</name>
		<pose>Unspecified</pose>
		<truncated>0</truncated>
		<difficult>0</difficult>
		<bndbox>
			<xmin>209</xmin>
			<ymin>34</ymin>
			<xmax>277</xmax>
			<ymax>109</ymax>
		</bndbox>
	</object>
</annotation>
