<annotation>
	<folder>images</folder>
	<filename>good_18_9002.jpg</filename>
	<path>E:\MN_datasheet\Data_BC\expansion\MN\images\good_18_9002.jpg</path>
	<source>
		<database>Unknown</database>
	</source>
	<size>
		<width>512</width>
		<height>512</height>
		<depth>3</depth>
	</size>
	<segmented>0</segmented>
	<object>
		<name>BN</name>
		<pose>Unspecified</pose>
		<truncated>0</truncated>
		<difficult>0</difficult>
		<bndbox>
			<xmin>242</xmin>
			<ymin>25</ymin>
			<xmax>313</xmax>
			<ymax>93</ymax>
		</bndbox>
	</object>
	<object>
		<name>MN</name>
		<pose>Unspecified</pose>
		<truncated>0</truncated>
		<difficult>0</difficult>
		<bndbox>
			<xmin>321</xmin>
			<ymin>91</ymin>
			<xmax>417</xmax>
			<ymax>192</ymax>
		</bndbox>
	</object>
</annotation>
