<annotation>
	<folder>images</folder>
	<filename>good_18_12624.jpg</filename>
	<path>E:\MN_datasheet\Data_BC\expansion\MN\images\good_18_12624.jpg</path>
	<source>
		<database>Unknown</database>
	</source>
	<size>
		<width>512</width>
		<height>512</height>
		<depth>3</depth>
	</size>
	<segmented>0</segmented>
	<object>
		<name>BN</name>
		<pose>Unspecified</pose>
		<truncated>1</truncated>
		<difficult>0</difficult>
		<bndbox>
			<xmin>418</xmin>
			<ymin>175</ymin>
			<xmax>512</xmax>
			<ymax>287</ymax>
		</bndbox>
	</object>
	<object>
		<name>BN</name>
		<pose>Unspecified</pose>
		<truncated>0</truncated>
		<difficult>0</difficult>
		<bndbox>
			<xmin>326</xmin>
			<ymin>391</ymin>
			<xmax>403</xmax>
			<ymax>466</ymax>
		</bndbox>
	</object>
</annotation>
