<annotation>
	<folder>images</folder>
	<filename>good_17_9516.jpg</filename>
	<path>E:\MN_datasheet\Data_BC\expansion\MN\images\good_17_9516.jpg</path>
	<source>
		<database>Unknown</database>
	</source>
	<size>
		<width>512</width>
		<height>512</height>
		<depth>3</depth>
	</size>
	<segmented>0</segmented>
	<object>
		<name>BN</name>
		<pose>Unspecified</pose>
		<truncated>0</truncated>
		<difficult>0</difficult>
		<bndbox>
			<xmin>31</xmin>
			<ymin>23</ymin>
			<xmax>107</xmax>
			<ymax>96</ymax>
		</bndbox>
	</object>
	<object>
		<name>BN</name>
		<pose>Unspecified</pose>
		<truncated>0</truncated>
		<difficult>0</difficult>
		<bndbox>
			<xmin>430</xmin>
			<ymin>379</ymin>
			<xmax>505</xmax>
			<ymax>470</ymax>
		</bndbox>
	</object>
</annotation>
