<annotation>
	<folder>images</folder>
	<filename>good_18_7455.jpg</filename>
	<path>E:\MN_datasheet\Data_BC\expansion\MN\images\good_18_7455.jpg</path>
	<source>
		<database>Unknown</database>
	</source>
	<size>
		<width>512</width>
		<height>512</height>
		<depth>3</depth>
	</size>
	<segmented>0</segmented>
	<object>
		<name>BN</name>
		<pose>Unspecified</pose>
		<truncated>0</truncated>
		<difficult>0</difficult>
		<bndbox>
			<xmin>140</xmin>
			<ymin>96</ymin>
			<xmax>226</xmax>
			<ymax>182</ymax>
		</bndbox>
	</object>
	<object>
		<name>MN</name>
		<pose>Unspecified</pose>
		<truncated>0</truncated>
		<difficult>0</difficult>
		<bndbox>
			<xmin>119</xmin>
			<ymin>313</ymin>
			<xmax>228</xmax>
			<ymax>413</ymax>
		</bndbox>
	</object>
</annotation>
