<annotation>
	<folder>images</folder>
	<filename>good_18_2876.jpg</filename>
	<path>E:\MN_datasheet\Data_BC\expansion\MN\images\good_18_2876.jpg</path>
	<source>
		<database>Unknown</database>
	</source>
	<size>
		<width>512</width>
		<height>512</height>
		<depth>3</depth>
	</size>
	<segmented>0</segmented>
	<object>
		<name>BN</name>
		<pose>Unspecified</pose>
		<truncated>0</truncated>
		<difficult>0</difficult>
		<bndbox>
			<xmin>61</xmin>
			<ymin>211</ymin>
			<xmax>157</xmax>
			<ymax>308</ymax>
		</bndbox>
	</object>
	<object>
		<name>MN</name>
		<pose>Unspecified</pose>
		<truncated>0</truncated>
		<difficult>0</difficult>
		<bndbox>
			<xmin>115</xmin>
			<ymin>299</ymin>
			<xmax>214</xmax>
			<ymax>395</ymax>
		</bndbox>
	</object>
</annotation>
