<annotation>
	<folder>images</folder>
	<filename>good_18_16147.jpg</filename>
	<path>E:\MN_datasheet\Data_BC\expansion\MN\images\good_18_16147.jpg</path>
	<source>
		<database>Unknown</database>
	</source>
	<size>
		<width>512</width>
		<height>512</height>
		<depth>3</depth>
	</size>
	<segmented>0</segmented>
	<object>
		<name>BN</name>
		<pose>Unspecified</pose>
		<truncated>0</truncated>
		<difficult>0</difficult>
		<bndbox>
			<xmin>87</xmin>
			<ymin>117</ymin>
			<xmax>200</xmax>
			<ymax>228</ymax>
		</bndbox>
	</object>
	<object>
		<name>BN</name>
		<pose>Unspecified</pose>
		<truncated>1</truncated>
		<difficult>0</difficult>
		<bndbox>
			<xmin>1</xmin>
			<ymin>371</ymin>
			<xmax>98</xmax>
			<ymax>477</ymax>
		</bndbox>
	</object>
	<object>
		<name>BN</name>
		<pose>Unspecified</pose>
		<truncated>1</truncated>
		<difficult>0</difficult>
		<bndbox>
			<xmin>415</xmin>
			<ymin>88</ymin>
			<xmax>512</xmax>
			<ymax>214</ymax>
		</bndbox>
	</object>
</annotation>
