<annotation>
	<folder>images</folder>
	<filename>good_18_15820.jpg</filename>
	<path>E:\MN_datasheet\Data_BC\expansion\MN\images\good_18_15820.jpg</path>
	<source>
		<database>Unknown</database>
	</source>
	<size>
		<width>512</width>
		<height>512</height>
		<depth>3</depth>
	</size>
	<segmented>0</segmented>
	<object>
		<name>BN</name>
		<pose>Unspecified</pose>
		<truncated>0</truncated>
		<difficult>0</difficult>
		<bndbox>
			<xmin>375</xmin>
			<ymin>259</ymin>
			<xmax>470</xmax>
			<ymax>356</ymax>
		</bndbox>
	</object>
	<object>
		<name>BN</name>
		<pose>Unspecified</pose>
		<truncated>1</truncated>
		<difficult>0</difficult>
		<bndbox>
			<xmin>324</xmin>
			<ymin>443</ymin>
			<xmax>415</xmax>
			<ymax>512</ymax>
		</bndbox>
	</object>
</annotation>
