<annotation>
	<folder>images</folder>
	<filename>good_19_5812.jpg</filename>
	<path>E:\MN_datasheet\Data_BC\expansion\MN\images\good_19_5812.jpg</path>
	<source>
		<database>Unknown</database>
	</source>
	<size>
		<width>512</width>
		<height>512</height>
		<depth>3</depth>
	</size>
	<segmented>0</segmented>
	<object>
		<name>MN</name>
		<pose>Unspecified</pose>
		<truncated>0</truncated>
		<difficult>0</difficult>
		<bndbox>
			<xmin>144</xmin>
			<ymin>330</ymin>
			<xmax>241</xmax>
			<ymax>445</ymax>
		</bndbox>
	</object>
	<object>
		<name>BN</name>
		<pose>Unspecified</pose>
		<truncated>0</truncated>
		<difficult>0</difficult>
		<bndbox>
			<xmin>361</xmin>
			<ymin>195</ymin>
			<xmax>438</xmax>
			<ymax>276</ymax>
		</bndbox>
	</object>
</annotation>
