<annotation>
	<folder>images</folder>
	<filename>good_18_20667.jpg</filename>
	<path>E:\MN_datasheet\Data_BC\expansion\MN\images\good_18_20667.jpg</path>
	<source>
		<database>Unknown</database>
	</source>
	<size>
		<width>512</width>
		<height>512</height>
		<depth>3</depth>
	</size>
	<segmented>0</segmented>
	<object>
		<name>MN</name>
		<pose>Unspecified</pose>
		<truncated>0</truncated>
		<difficult>0</difficult>
		<bndbox>
			<xmin>168</xmin>
			<ymin>228</ymin>
			<xmax>267</xmax>
			<ymax>323</ymax>
		</bndbox>
	</object>
	<object>
		<name>BN</name>
		<pose>Unspecified</pose>
		<truncated>0</truncated>
		<difficult>0</difficult>
		<bndbox>
			<xmin>341</xmin>
			<ymin>348</ymin>
			<xmax>436</xmax>
			<ymax>440</ymax>
		</bndbox>
	</object>
</annotation>
