<annotation>
	<folder>images</folder>
	<filename>good_18_9953.jpg</filename>
	<path>E:\MN_datasheet\Data_BC\expansion\MN\images\good_18_9953.jpg</path>
	<source>
		<database>Unknown</database>
	</source>
	<size>
		<width>512</width>
		<height>512</height>
		<depth>3</depth>
	</size>
	<segmented>0</segmented>
	<object>
		<name>BN</name>
		<pose>Unspecified</pose>
		<truncated>0</truncated>
		<difficult>0</difficult>
		<bndbox>
			<xmin>371</xmin>
			<ymin>7</ymin>
			<xmax>459</xmax>
			<ymax>84</ymax>
		</bndbox>
	</object>
	<object>
		<name>MN</name>
		<pose>Unspecified</pose>
		<truncated>0</truncated>
		<difficult>0</difficult>
		<bndbox>
			<xmin>45</xmin>
			<ymin>181</ymin>
			<xmax>144</xmax>
			<ymax>282</ymax>
		</bndbox>
	</object>
	<object>
		<name>BN</name>
		<pose>Unspecified</pose>
		<truncated>0</truncated>
		<difficult>0</difficult>
		<bndbox>
			<xmin>287</xmin>
			<ymin>286</ymin>
			<xmax>392</xmax>
			<ymax>389</ymax>
		</bndbox>
	</object>
</annotation>
