<annotation>
	<folder>images</folder>
	<filename>good_18_24579.jpg</filename>
	<path>E:\MN_datasheet\Data_BC\expansion\MN\images\good_18_24579.jpg</path>
	<source>
		<database>Unknown</database>
	</source>
	<size>
		<width>512</width>
		<height>512</height>
		<depth>3</depth>
	</size>
	<segmented>0</segmented>
	<object>
		<name>BN</name>
		<pose>Unspecified</pose>
		<truncated>0</truncated>
		<difficult>0</difficult>
		<bndbox>
			<xmin>203</xmin>
			<ymin>53</ymin>
			<xmax>291</xmax>
			<ymax>136</ymax>
		</bndbox>
	</object>
	<object>
		<name>BN</name>
		<pose>Unspecified</pose>
		<truncated>0</truncated>
		<difficult>0</difficult>
		<bndbox>
			<xmin>373</xmin>
			<ymin>144</ymin>
			<xmax>505</xmax>
			<ymax>271</ymax>
		</bndbox>
	</object>
</annotation>
