<annotation>
	<folder>images</folder>
	<filename>good_21_14832.jpg</filename>
	<path>E:\MN_datasheet\Data_BC\expansion\MN\images\good_21_14832.jpg</path>
	<source>
		<database>Unknown</database>
	</source>
	<size>
		<width>512</width>
		<height>512</height>
		<depth>3</depth>
	</size>
	<segmented>0</segmented>
	<object>
		<name>BN</name>
		<pose>Unspecified</pose>
		<truncated>0</truncated>
		<difficult>0</difficult>
		<bndbox>
			<xmin>115</xmin>
			<ymin>248</ymin>
			<xmax>210</xmax>
			<ymax>342</ymax>
		</bndbox>
	</object>
	<object>
		<name>BN</name>
		<pose>Unspecified</pose>
		<truncated>0</truncated>
		<difficult>0</difficult>
		<bndbox>
			<xmin>316</xmin>
			<ymin>291</ymin>
			<xmax>395</xmax>
			<ymax>373</ymax>
		</bndbox>
	</object>
</annotation>
