<annotation>
	<folder>images</folder>
	<filename>good_18_23487.jpg</filename>
	<path>E:\MN_datasheet\Data_BC\expansion\MN\images\good_18_23487.jpg</path>
	<source>
		<database>Unknown</database>
	</source>
	<size>
		<width>512</width>
		<height>512</height>
		<depth>3</depth>
	</size>
	<segmented>0</segmented>
	<object>
		<name>BN</name>
		<pose>Unspecified</pose>
		<truncated>0</truncated>
		<difficult>0</difficult>
		<bndbox>
			<xmin>125</xmin>
			<ymin>171</ymin>
			<xmax>234</xmax>
			<ymax>285</ymax>
		</bndbox>
	</object>
	<object>
		<name>BN</name>
		<pose>Unspecified</pose>
		<truncated>0</truncated>
		<difficult>0</difficult>
		<bndbox>
			<xmin>85</xmin>
			<ymin>277</ymin>
			<xmax>183</xmax>
			<ymax>373</ymax>
		</bndbox>
	</object>
	<object>
		<name>MN</name>
		<pose>Unspecified</pose>
		<truncated>0</truncated>
		<difficult>0</difficult>
		<bndbox>
			<xmin>199</xmin>
			<ymin>258</ymin>
			<xmax>312</xmax>
			<ymax>378</ymax>
		</bndbox>
	</object>
</annotation>
