<annotation>
	<folder>images</folder>
	<filename>good_14_4466.jpg</filename>
	<path>E:\MN_datasheet\Data_BC\expansion\MN\images\good_14_4466.jpg</path>
	<source>
		<database>Unknown</database>
	</source>
	<size>
		<width>512</width>
		<height>512</height>
		<depth>3</depth>
	</size>
	<segmented>0</segmented>
	<object>
		<name>MN</name>
		<pose>Unspecified</pose>
		<truncated>0</truncated>
		<difficult>0</difficult>
		<bndbox>
			<xmin>80</xmin>
			<ymin>36</ymin>
			<xmax>199</xmax>
			<ymax>155</ymax>
		</bndbox>
	</object>
	<object>
		<name>MN</name>
		<pose>Unspecified</pose>
		<truncated>0</truncated>
		<difficult>0</difficult>
		<bndbox>
			<xmin>134</xmin>
			<ymin>292</ymin>
			<xmax>251</xmax>
			<ymax>422</ymax>
		</bndbox>
	</object>
</annotation>
