<annotation>
	<folder>images</folder>
	<filename>good_18_6510.jpg</filename>
	<path>E:\MN_datasheet\Data_BC\expansion\MN\images\good_18_6510.jpg</path>
	<source>
		<database>Unknown</database>
	</source>
	<size>
		<width>512</width>
		<height>512</height>
		<depth>3</depth>
	</size>
	<segmented>0</segmented>
	<object>
		<name>MN</name>
		<pose>Unspecified</pose>
		<truncated>0</truncated>
		<difficult>0</difficult>
		<bndbox>
			<xmin>354</xmin>
			<ymin>412</ymin>
			<xmax>446</xmax>
			<ymax>501</ymax>
		</bndbox>
	</object>
	<object>
		<name>BN</name>
		<pose>Unspecified</pose>
		<truncated>0</truncated>
		<difficult>0</difficult>
		<bndbox>
			<xmin>167</xmin>
			<ymin>11</ymin>
			<xmax>246</xmax>
			<ymax>87</ymax>
		</bndbox>
	</object>
</annotation>
