<annotation>
	<folder>images</folder>
	<filename>good_14_22011.jpg</filename>
	<path>E:\MN_datasheet\Data_BC\expansion\MN\images\good_14_22011.jpg</path>
	<source>
		<database>Unknown</database>
	</source>
	<size>
		<width>512</width>
		<height>512</height>
		<depth>3</depth>
	</size>
	<segmented>0</segmented>
	<object>
		<name>MN</name>
		<pose>Unspecified</pose>
		<truncated>0</truncated>
		<difficult>0</difficult>
		<bndbox>
			<xmin>152</xmin>
			<ymin>184</ymin>
			<xmax>271</xmax>
			<ymax>301</ymax>
		</bndbox>
	</object>
	<object>
		<name>BN</name>
		<pose>Unspecified</pose>
		<truncated>0</truncated>
		<difficult>0</difficult>
		<bndbox>
			<xmin>18</xmin>
			<ymin>370</ymin>
			<xmax>133</xmax>
			<ymax>484</ymax>
		</bndbox>
	</object>
</annotation>
