<annotation>
	<folder>images</folder>
	<filename>good_18_11276.jpg</filename>
	<path>E:\MN_datasheet\Data_BC\expansion\MN\images\good_18_11276.jpg</path>
	<source>
		<database>Unknown</database>
	</source>
	<size>
		<width>512</width>
		<height>512</height>
		<depth>3</depth>
	</size>
	<segmented>0</segmented>
	<object>
		<name>BN</name>
		<pose>Unspecified</pose>
		<truncated>0</truncated>
		<difficult>0</difficult>
		<bndbox>
			<xmin>292</xmin>
			<ymin>81</ymin>
			<xmax>385</xmax>
			<ymax>165</ymax>
		</bndbox>
	</object>
	<object>
		<name>MN</name>
		<pose>Unspecified</pose>
		<truncated>0</truncated>
		<difficult>0</difficult>
		<bndbox>
			<xmin>376</xmin>
			<ymin>241</ymin>
			<xmax>496</xmax>
			<ymax>358</ymax>
		</bndbox>
	</object>
</annotation>
