<annotation>
	<folder>images</folder>
	<filename>good_18_29246.jpg</filename>
	<path>E:\MN_datasheet\Data_BC\expansion\MN\images\good_18_29246.jpg</path>
	<source>
		<database>Unknown</database>
	</source>
	<size>
		<width>512</width>
		<height>512</height>
		<depth>3</depth>
	</size>
	<segmented>0</segmented>
	<object>
		<name>BN</name>
		<pose>Unspecified</pose>
		<truncated>0</truncated>
		<difficult>0</difficult>
		<bndbox>
			<xmin>46</xmin>
			<ymin>285</ymin>
			<xmax>151</xmax>
			<ymax>402</ymax>
		</bndbox>
	</object>
	<object>
		<name>MN</name>
		<pose>Unspecified</pose>
		<truncated>0</truncated>
		<difficult>0</difficult>
		<bndbox>
			<xmin>272</xmin>
			<ymin>348</ymin>
			<xmax>359</xmax>
			<ymax>435</ymax>
		</bndbox>
	</object>
</annotation>
