<annotation>
	<folder>images</folder>
	<filename>good_17_2402.jpg</filename>
	<path>E:\MN_datasheet\Data_BC\expansion\MN\images\good_17_2402.jpg</path>
	<source>
		<database>Unknown</database>
	</source>
	<size>
		<width>512</width>
		<height>512</height>
		<depth>3</depth>
	</size>
	<segmented>0</segmented>
	<object>
		<name>BN</name>
		<pose>Unspecified</pose>
		<truncated>0</truncated>
		<difficult>0</difficult>
		<bndbox>
			<xmin>187</xmin>
			<ymin>105</ymin>
			<xmax>299</xmax>
			<ymax>217</ymax>
		</bndbox>
	</object>
	<object>
		<name>MN</name>
		<pose>Unspecified</pose>
		<truncated>0</truncated>
		<difficult>0</difficult>
		<bndbox>
			<xmin>311</xmin>
			<ymin>360</ymin>
			<xmax>399</xmax>
			<ymax>450</ymax>
		</bndbox>
	</object>
</annotation>
