<annotation>
	<folder>images</folder>
	<filename>good_18_17530.jpg</filename>
	<path>E:\MN_datasheet\Data_BC\expansion\MN\images\good_18_17530.jpg</path>
	<source>
		<database>Unknown</database>
	</source>
	<size>
		<width>512</width>
		<height>512</height>
		<depth>3</depth>
	</size>
	<segmented>0</segmented>
	<object>
		<name>BN</name>
		<pose>Unspecified</pose>
		<truncated>0</truncated>
		<difficult>0</difficult>
		<bndbox>
			<xmin>242</xmin>
			<ymin>302</ymin>
			<xmax>354</xmax>
			<ymax>408</ymax>
		</bndbox>
	</object>
	<object>
		<name>BN</name>
		<pose>Unspecified</pose>
		<truncated>0</truncated>
		<difficult>0</difficult>
		<bndbox>
			<xmin>296</xmin>
			<ymin>397</ymin>
			<xmax>407</xmax>
			<ymax>498</ymax>
		</bndbox>
	</object>
	<object>
		<name>BN</name>
		<pose>Unspecified</pose>
		<truncated>0</truncated>
		<difficult>0</difficult>
		<bndbox>
			<xmin>336</xmin>
			<ymin>237</ymin>
			<xmax>435</xmax>
			<ymax>331</ymax>
		</bndbox>
	</object>
</annotation>
