<annotation>
	<folder>images</folder>
	<filename>good_18_1048.jpg</filename>
	<path>E:\MN_datasheet\Data_BC\expansion\MN\images\good_18_1048.jpg</path>
	<source>
		<database>Unknown</database>
	</source>
	<size>
		<width>512</width>
		<height>512</height>
		<depth>3</depth>
	</size>
	<segmented>0</segmented>
	<object>
		<name>BN</name>
		<pose>Unspecified</pose>
		<truncated>0</truncated>
		<difficult>0</difficult>
		<bndbox>
			<xmin>33</xmin>
			<ymin>248</ymin>
			<xmax>143</xmax>
			<ymax>358</ymax>
		</bndbox>
	</object>
	<object>
		<name>MN</name>
		<pose>Unspecified</pose>
		<truncated>0</truncated>
		<difficult>0</difficult>
		<bndbox>
			<xmin>419</xmin>
			<ymin>255</ymin>
			<xmax>506</xmax>
			<ymax>348</ymax>
		</bndbox>
	</object>
</annotation>
