<annotation>
	<folder>images</folder>
	<filename>good_24_4157.jpg</filename>
	<path>E:\MN_datasheet\Data_BC\expansion\MN\images\good_24_4157.jpg</path>
	<source>
		<database>Unknown</database>
	</source>
	<size>
		<width>512</width>
		<height>512</height>
		<depth>3</depth>
	</size>
	<segmented>0</segmented>
	<object>
		<name>MN</name>
		<pose>Unspecified</pose>
		<truncated>0</truncated>
		<difficult>0</difficult>
		<bndbox>
			<xmin>334</xmin>
			<ymin>298</ymin>
			<xmax>439</xmax>
			<ymax>400</ymax>
		</bndbox>
	</object>
	<object>
		<name>BN</name>
		<pose>Unspecified</pose>
		<truncated>0</truncated>
		<difficult>0</difficult>
		<bndbox>
			<xmin>412</xmin>
			<ymin>208</ymin>
			<xmax>474</xmax>
			<ymax>278</ymax>
		</bndbox>
	</object>
</annotation>
