<annotation>
	<folder>images</folder>
	<filename>good_18_15786.jpg</filename>
	<path>E:\MN_datasheet\Data_BC\expansion\MN\images\good_18_15786.jpg</path>
	<source>
		<database>Unknown</database>
	</source>
	<size>
		<width>512</width>
		<height>512</height>
		<depth>3</depth>
	</size>
	<segmented>0</segmented>
	<object>
		<name>BN</name>
		<pose>Unspecified</pose>
		<truncated>0</truncated>
		<difficult>0</difficult>
		<bndbox>
			<xmin>297</xmin>
			<ymin>301</ymin>
			<xmax>370</xmax>
			<ymax>383</ymax>
		</bndbox>
	</object>
	<object>
		<name>BN</name>
		<pose>Unspecified</pose>
		<truncated>0</truncated>
		<difficult>0</difficult>
		<bndbox>
			<xmin>220</xmin>
			<ymin>302</ymin>
			<xmax>307</xmax>
			<ymax>404</ymax>
		</bndbox>
	</object>
</annotation>
