<annotation>
	<folder>images</folder>
	<filename>good_18_11689.jpg</filename>
	<path>E:\MN_datasheet\Data_BC\expansion\MN\images\good_18_11689.jpg</path>
	<source>
		<database>Unknown</database>
	</source>
	<size>
		<width>512</width>
		<height>512</height>
		<depth>3</depth>
	</size>
	<segmented>0</segmented>
	<object>
		<name>MN</name>
		<pose>Unspecified</pose>
		<truncated>0</truncated>
		<difficult>0</difficult>
		<bndbox>
			<xmin>320</xmin>
			<ymin>297</ymin>
			<xmax>426</xmax>
			<ymax>401</ymax>
		</bndbox>
	</object>
	<object>
		<name>MN</name>
		<pose>Unspecified</pose>
		<truncated>0</truncated>
		<difficult>0</difficult>
		<bndbox>
			<xmin>387</xmin>
			<ymin>231</ymin>
			<xmax>482</xmax>
			<ymax>327</ymax>
		</bndbox>
	</object>
</annotation>
