<annotation>
	<folder>images</folder>
	<filename>good_18_30184.jpg</filename>
	<path>E:\MN_datasheet\Data_BC\expansion\MN\images\good_18_30184.jpg</path>
	<source>
		<database>Unknown</database>
	</source>
	<size>
		<width>512</width>
		<height>512</height>
		<depth>3</depth>
	</size>
	<segmented>0</segmented>
	<object>
		<name>BN</name>
		<pose>Unspecified</pose>
		<truncated>0</truncated>
		<difficult>0</difficult>
		<bndbox>
			<xmin>152</xmin>
			<ymin>138</ymin>
			<xmax>258</xmax>
			<ymax>251</ymax>
		</bndbox>
	</object>
	<object>
		<name>BN</name>
		<pose>Unspecified</pose>
		<truncated>0</truncated>
		<difficult>0</difficult>
		<bndbox>
			<xmin>57</xmin>
			<ymin>144</ymin>
			<xmax>156</xmax>
			<ymax>258</ymax>
		</bndbox>
	</object>
</annotation>
