<annotation>
	<folder>images</folder>
	<filename>good_17_12069.jpg</filename>
	<path>E:\MN_datasheet\Data_BC\expansion\NBUD\images\good_17_12069.jpg</path>
	<source>
		<database>Unknown</database>
	</source>
	<size>
		<width>512</width>
		<height>512</height>
		<depth>3</depth>
	</size>
	<segmented>0</segmented>
	<object>
		<name>NBUD</name>
		<pose>Unspecified</pose>
		<truncated>0</truncated>
		<difficult>0</difficult>
		<bndbox>
			<xmin>215</xmin>
			<ymin>75</ymin>
			<xmax>318</xmax>
			<ymax>168</ymax>
		</bndbox>
	</object>
</annotation>
